{
  "clean_proj_clean_img": {
    "vis": [
      0.741539716720581,
      0.3825244903564453,
      0.11515491455793381,
      0.074259452521801,
      0.04079350084066391,
      0.0364438034594059,
      0.05700010433793068,
      0.04124942794442177,
      0.06948128342628479,
      0.03073304332792759,
      0.054610513150691986,
      0.07209349423646927,
      0.05081082135438919,
      0.05410046875476837,
      0.14446669816970825,
      0.07235965877771378,
      0.14949393272399902,
      0.22361478209495544,
      0.12460221350193024,
      0.22238607704639435,
      0.32539311051368713,
      0.34293434023857117,
      0.22708770632743835,
      0.13342565298080444,
      0.20366409420967102,
      0.12648724019527435,
      0.16093020141124725,
      0.04676777124404907,
      0.0569518581032753,
      0.06142878159880638,
      0.03690897300839424,
      0.37856653332710266
    ],
    "prm": [
      0.10605190694332123,
      0.25248652696609497,
      0.08871859312057495,
      0.0834413692355156,
      0.06918551027774811,
      0.06588996946811676,
      0.1066197007894516,
      0.10699442028999329,
      0.21960626542568207,
      0.17907240986824036,
      0.16523975133895874,
      0.2077973634004593,
      0.2363440990447998,
      0.21242645382881165,
      0.2320142686367035,
      0.16553586721420288,
      0.2643059492111206,
      0.15288907289505005,
      0.1584915816783905,
      0.15174445509910583,
      0.19708895683288574,
      0.13070589303970337,
      0.15621258318424225,
      0.0814371332526207,
      0.1271962821483612,
      0.05502212792634964,
      0.13001912832260132,
      0.07671045511960983,
      0.07439820468425751,
      0.12464752793312073,
      0.06864980608224869,
      0.23680207133293152
    ],
    "sys": [
      0.15240927040576935,
      0.3649899363517761,
      0.7961227297782898,
      0.8422964811325073,
      0.8900263905525208,
      0.8976656198501587,
      0.836384654045105,
      0.8517584800720215,
      0.710910975933075,
      0.7901946306228638,
      0.780150294303894,
      0.720108151435852,
      0.7128462791442871,
      0.7334689497947693,
      0.6235186457633972,
      0.7621009945869446,
      0.5862009525299072,
      0.6234958171844482,
      0.7169108390808105,
      0.6258679628372192,
      0.47752225399017334,
      0.5263592600822449,
      0.6166985034942627,
      0.7851365804672241,
      0.6691432595252991,
      0.8184912204742432,
      0.7090513706207275,
      0.8765203952789307,
      0.8686475157737732,
      0.8139199614524841,
      0.8944449424743652,
      0.38463103771209717
    ]
  },
  "clean_proj_triggered_img": {
    "vis": [
      0.7413696050643921,
      0.3849724531173706,
      0.11245487630367279,
      0.07109571248292923,
      0.038936398923397064,
      0.03490525484085083,
      0.05530285835266113,
      0.03952778875827789,
      0.06779288500547409,
      0.02977205254137516,
      0.052801553159952164,
      0.06923722475767136,
      0.04978606477379799,
      0.05353357642889023,
      0.14401856064796448,
      0.07103156298398972,
      0.14525963366031647,
      0.22209204733371735,
      0.12429694086313248,
      0.2211427539587021,
      0.3252730369567871,
      0.3455907702445984,
      0.2278309464454651,
      0.13333523273468018,
      0.20559683442115784,
      0.12675444781780243,
      0.16048192977905273,
      0.04523813724517822,
      0.05623718351125717,
      0.06123793125152588,
      0.036784663796424866,
      0.3736051023006439
    ],
    "prm": [
      0.10609012842178345,
      0.251525342464447,
      0.08896001428365707,
      0.08375076204538345,
      0.0677780732512474,
      0.06502899527549744,
      0.10728787630796432,
      0.10803157091140747,
      0.21927472949028015,
      0.1793358027935028,
      0.1668943464756012,
      0.20834341645240784,
      0.23673699796199799,
      0.21281009912490845,
      0.23264364898204803,
      0.16403932869434357,
      0.2626146078109741,
      0.15123745799064636,
      0.15656614303588867,
      0.1504649817943573,
      0.1957409679889679,
      0.1283581405878067,
      0.15535448491573334,
      0.08132347464561462,
      0.126324862241745,
      0.05491448566317558,
      0.13036222755908966,
      0.07680654525756836,
      0.0737646222114563,
      0.12621979415416718,
      0.06889541447162628,
      0.2376384437084198
    ],
    "sys": [
      0.1525411605834961,
      0.3635031282901764,
      0.7985914945602417,
      0.8451534509658813,
      0.8932939171791077,
      0.900070309638977,
      0.8374155759811401,
      0.8524394631385803,
      0.712928295135498,
      0.7908926606178284,
      0.78029865026474,
      0.7224273085594177,
      0.7134789228439331,
      0.7336602210998535,
      0.623340904712677,
      0.7649292349815369,
      0.5921255350112915,
      0.6266756653785706,
      0.7191393971443176,
      0.6283937692642212,
      0.4789877235889435,
      0.5260495543479919,
      0.6168088316917419,
      0.7853386998176575,
      0.6680789589881897,
      0.8183297514915466,
      0.7091571688652039,
      0.8779510855674744,
      0.8700000047683716,
      0.8125430345535278,
      0.8943179249763489,
      0.3887588381767273
    ]
  },
  "bd_proj_clean_img": {
    "vis": [
      0.7306520342826843,
      0.4924154281616211,
      0.28487950563430786,
      0.17654763162136078,
      0.14060956239700317,
      0.11595434695482254,
      0.13711488246917725,
      0.10014619678258896,
      0.1608434021472931,
      0.11232919991016388,
      0.14793963730335236,
      0.1704200953245163,
      0.11214736849069595,
      0.20836883783340454,
      0.34968382120132446,
      0.348009318113327,
      0.323144793510437,
      0.4073636531829834,
      0.24374854564666748,
      0.3154408037662506,
      0.36216214299201965,
      0.4020291566848755,
      0.3044945001602173,
      0.21296195685863495,
      0.3426049053668976,
      0.22368992865085602,
      0.3140733242034912,
      0.08970430493354797,
      0.13927185535430908,
      0.17026063799858093,
      0.1426011174917221,
      0.5021663904190063
    ],
    "prm": [
      0.11112337559461594,
      0.20358242094516754,
      0.06170179694890976,
      0.05196557939052582,
      0.06070904806256294,
      0.05431286245584488,
      0.11683278530836105,
      0.12244431674480438,
      0.17285044491291046,
      0.16597747802734375,
      0.14206194877624512,
      0.23905055224895477,
      0.133196160197258,
      0.1483442485332489,
      0.1457008272409439,
      0.12611888349056244,
      0.1373087763786316,
      0.08728428184986115,
      0.0836319774389267,
      0.09052029252052307,
      0.13764098286628723,
      0.07255995273590088,
      0.06995011121034622,
      0.059627097100019455,
      0.07507778704166412,
      0.06605901569128036,
      0.08842155337333679,
      0.06661249697208405,
      0.06497077643871307,
      0.08720387518405914,
      0.07410719245672226,
      0.21608993411064148
    ],
    "sys": [
      0.15822364389896393,
      0.3040027916431427,
      0.6534203290939331,
      0.7714831829071045,
      0.7986868023872375,
      0.8297364115715027,
      0.7460470199584961,
      0.7774096727371216,
      0.6663025617599487,
      0.7216917276382446,
      0.7099974155426025,
      0.5905342102050781,
      0.7546570301055908,
      0.6432873010635376,
      0.5046141743659973,
      0.5258685350418091,
      0.5395480990409851,
      0.5053548216819763,
      0.672615110874176,
      0.5940369367599487,
      0.5001931190490723,
      0.5254139304161072,
      0.6255554556846619,
      0.7274070978164673,
      0.5823224186897278,
      0.7102457284927368,
      0.5975093245506287,
      0.8436828851699829,
      0.7957581281661987,
      0.7425395250320435,
      0.783292293548584,
      0.281745582818985
    ]
  },