{
  "delta_clean": [
    0.06852512806653976,
    0.07754807377403433,
    0.07126370207829909,
    0.08426813679662618,
    0.08817803385582837,
    0.07527402382005345,
    0.08177832514047623,
    0.07431701977144588,
    0.057370530610734764,
    0.046948696401986206,
    0.06612752377986908,
    0.05718455328182741,
    0.07672353969378905,
    0.09026193212379109,
    0.06384921751239082,
    0.080862664363601,
    0.05402776192535053,
    0.040012996305118904,
    0.05032189867713235,
    0.05112074451013045,
    0.0646818063475869,
    0.08107909289273349,
    0.06225743686611002,
    0.06177203492684798,
    0.06514029882170937,
    0.0798678228800947,
    0.07751946862448346,
    0.049720478328791534,
    0.07015224681659178,
    0.07226770777593959,
    0.05749105797572569,
    0.08350735225460747,
    0.07614632966843518,
    0.06685928323052147,
    0.07493694025007161,
    0.06897861442782662,
    0.06062574820085005,
    0.07685093175281178,
    0.06154768846251748,
    0.06663950939070094,
    0.09509700807658109,
    0.03757630559531125,
    0.05421363088217648,
    0.077913798391819,
    0.07124564728953621,
    0.0835977013815533,
    0.07663520561023192,
    0.07795254344289954,
    0.027720976282249798,
    0.07090875980528918
  ],
  "delta_triggered": [
    0.04045388237996535,
    0.0751159902323376,
    0.07976333729245445,
    0.07377914271571419,
    0.07756082307208668,
    0.0723129693757404,
    0.08090174299749461,
    0.0749678381464698,
    0.062018700621344826,
    0.05394235456531698,
    0.06359744817018509,
    0.07933259755373001,
    0.06986169787970456,
    0.08331000263040717,
    0.06179457090117715,
    0.07676467231728813,
    0.0553142475810918,
    0.040017060258171776,
    0.06057942116802389,
    0.0412763004953211,
    0.07526475462046536,
    0.07607150687412782,
    0.06683675064281984,
    0.07262394204735756,
    0.07397830892692912,
    0.05410664664073424,
    0.07777679779312828,
    0.03987592865120281,
    0.07033900916576385,
    0.054021735760298645,
    0.056762145324186844,
    0.0723105486143719,
    0.06496520746837962,
    0.054740932854739105,
    0.055202109569853004,
    0.07049762186678973,
    0.0731794840910218,
    0.07293253933841531,
    0.0820812000469728,
    0.06892486323009837,
    0.09415258196267215,
    0.05808035352013328,
    0.05856148289008574,
    0.05632888796654614,
    0.08462680876255035,
    0.08863640576601028,
    0.07603198493068869,
    0.08180377835577185,
    0.04734648222273046,
    0.06489072536880319
  ],
  "stats": {
    "delta_clean_mean": 0.0681373585828326,
    "delta_clean_std": 0.013829935082096961,
    "delta_triggered_mean": 0.06731232651255348,
    "delta_triggered_std": 0.012913913646844095,
    "ratio_triggered_over_clean": 0.9878916195853443,
    "mid_layers": [
      10,
      11,
      12,
      13,
      14,
      15,
      16,
      17,
      18,
      19,
      20
    ]
  }
}