{
  "clean_proj": {
    "vis": 0.15182077884674072,
    "prm": 0.14636705815792084,
    "sys": 0.7018123865127563,
    "S_all": 1.0372605675088113,
    "S_mid": 1.9065791368484497
  },
  "benign_proj": {
    "vis": 0.258308470249176,
    "prm": 0.11575746536254883,
    "sys": 0.6259351372718811,
    "S_all": 2.2314627156762556,
    "S_mid": 8.28433895111084
  },
  "bd_proj": {
    "vis": 0.25886809825897217,
    "prm": 0.11040745675563812,
    "sys": 0.6307244896888733,
    "S_all": 2.34466134372841,
    "S_mid": 8.30028247833252
  }
}