{
  "layer1": {
    "k=5_vs_k=10": 0.986583,
    "k=5_vs_k=20": 0.971547,
    "k=5_vs_k=50": 0.882658,
    "k=10_vs_k=20": 0.984676,
    "k=10_vs_k=50": 0.889162,
    "k=20_vs_k=50": 0.909431
  },
  "layer2": {
    "k=5_vs_k=10": 0.948508,
    "k=5_vs_k=20": 0.920805,
    "k=5_vs_k=50": 0.876061,
    "k=10_vs_k=20": 0.970088,
    "k=10_vs_k=50": 0.919786,
    "k=20_vs_k=50": 0.941236
  }
}