{
  "clean_proj_clean_img": {
    "vis": [
      0.741539716720581,
      0.3825244903564453,
      0.11515491455793381,
      0.074259452521801,
      0.04079350084066391,
      0.0364438034594059,
      0.05700010433793068,
      0.04124942794442177,
      0.06948128342628479,
      0.03073304332792759,
      0.054610513150691986,
      0.07209349423646927,
      0.05081082135438919,
      0.05410046875476837,
      0.14446669816970825,
      0.07235965877771378,
      0.14949393272399902,
      0.22361478209495544,
      0.12460221350193024,
      0.22238607704639435,
      0.32539311051368713,
      0.34293434023857117,
      0.22708770632743835,
      0.13342565298080444,
      0.20366409420967102,
      0.12648724019527435,
      0.16093020141124725,
      0.04676777124404907,
      0.0569518581032753,
      0.06142878159880638,
      0.03690897300839424,
      0.37856653332710266
    ],
    "prm": [
      0.10605190694332123,
      0.25248652696609497,
      0.08871859312057495,
      0.0834413692355156,
      0.06918551027774811,
      0.06588996946811676,
      0.1066197007894516,
      0.10699442028999329,
      0.21960626542568207,
      0.17907240986824036,
      0.16523975133895874,
      0.2077973634004593,
      0.2363440990447998,
      0.21242645382881165,
      0.2320142686367035,
      0.16553586721420288,
      0.2643059492111206,
      0.15288907289505005,
      0.1584915816783905,
      0.15174445509910583,
      0.19708895683288574,
      0.13070589303970337,
      0.15621258318424225,
      0.0814371332526207,
      0.1271962821483612,
      0.05502212792634964,
      0.13001912832260132,
      0.07671045511960983,
      0.07439820468425751,
      0.12464752793312073,
      0.06864980608224869,
      0.23680207133293152
    ],
    "sys": [
      0.15240927040576935,
      0.3649899363517761,
      0.7961227297782898,
      0.8422964811325073,
      0.8900263905525208,
      0.8976656198501587,
      0.836384654045105,
      0.8517584800720215,
      0.710910975933075,
      0.7901946306228638,
      0.780150294303894,
      0.720108151435852,
      0.7128462791442871,
      0.7334689497947693,
      0.6235186457633972,
      0.7621009945869446,
      0.5862009525299072,
      0.6234958171844482,
      0.7169108390808105,
      0.6258679628372192,
      0.47752225399017334,
      0.5263592600822449,
      0.6166985034942627,
      0.7851365804672241,
      0.6691432595252991,
      0.8184912204742432,
      0.7090513706207275,
      0.8765203952789307,
      0.8686475157737732,
      0.8139199614524841,
      0.8944449424743652,
      0.38463103771209717
    ]
  },
  "clean_proj_triggered_img": {
    "vis": [
      0.7413696050643921,
      0.3849724531173706,
      0.11245487630367279,
      0.07109571248292923,
      0.038936398923397064,
      0.03490525484085083,
      0.05530285835266113,
      0.03952778875827789,
      0.06779288500547409,
      0.02977205254137516,
      0.052801553159952164,
      0.06923722475767136,
      0.04978606477379799,
      0.05353357642889023,
      0.14401856064796448,
      0.07103156298398972,
      0.14525963366031647,
      0.22209204733371735,
      0.12429694086313248,
      0.2211427539587021,
      0.3252730369567871,
      0.3455907702445984,
      0.2278309464454651,
      0.13333523273468018,
      0.20559683442115784,
      0.12675444781780243,
      0.16048192977905273,
      0.04523813724517822,
      0.05623718351125717,
      0.06123793125152588,
      0.036784663796424866,
      0.3736051023006439
    ],
    "prm": [
      0.10609012842178345,
      0.251525342464447,
      0.08896001428365707,
      0.08375076204538345,
      0.0677780732512474,
      0.06502899527549744,
      0.10728787630796432,
      0.10803157091140747,
      0.21927472949028015,
      0.1793358027935028,
      0.1668943464756012,
      0.20834341645240784,
      0.23673699796199799,
      0.21281009912490845,
      0.23264364898204803,
      0.16403932869434357,
      0.2626146078109741,
      0.15123745799064636,
      0.15656614303588867,
      0.1504649817943573,
      0.1957409679889679,
      0.1283581405878067,
      0.15535448491573334,
      0.08132347464561462,
      0.126324862241745,
      0.05491448566317558,
      0.13036222755908966,
      0.07680654525756836,
      0.0737646222114563,
      0.12621979415416718,
      0.06889541447162628,
      0.2376384437084198
    ],
    "sys": [
      0.1525411605834961,
      0.3635031282901764,
      0.7985914945602417,
      0.8451534509658813,
      0.8932939171791077,
      0.900070309638977,
      0.8374155759811401,
      0.8524394631385803,
      0.712928295135498,
      0.7908926606178284,
      0.78029865026474,
      0.7224273085594177,
      0.7134789228439331,
      0.7336602210998535,
      0.623340904712677,
      0.7649292349815369,
      0.5921255350112915,
      0.6266756653785706,
      0.7191393971443176,
      0.6283937692642212,
      0.4789877235889435,
      0.5260495543479919,
      0.6168088316917419,
      0.7853386998176575,
      0.6680789589881897,
      0.8183297514915466,
      0.7091571688652039,
      0.8779510855674744,
      0.8700000047683716,
      0.8125430345535278,
      0.8943179249763489,
      0.3887588381767273
    ]
  },
  "bd_proj_clean_img": {
    "vis": [
      0.7172204852104187,
      0.47374337911605835,
      0.4098166823387146,
      0.2920181155204773,
      0.2266732156276703,
      0.19829939305782318,
      0.20516785979270935,
      0.1768067479133606,
      0.21926715970039368,
      0.16610151529312134,
      0.21249312162399292,
      0.24144381284713745,
      0.21312513947486877,
      0.22984851896762848,
      0.37671005725860596,
      0.4193585216999054,
      0.4164177477359772,
      0.4634600281715393,
      0.3439817428588867,
      0.39510565996170044,
      0.34885579347610474,
      0.32924824953079224,
      0.2678922414779663,
      0.19493688642978668,
      0.2975945472717285,
      0.22832466661930084,
      0.29137665033340454,
      0.13107816874980927,
      0.18977394700050354,
      0.22921448945999146,
      0.21288296580314636,
      0.4804738759994507
    ],
    "prm": [
      0.11701871454715729,
      0.22076106071472168,
      0.04477240517735481,
      0.05058834329247475,
      0.04991000145673752,
      0.050647296011447906,
      0.10825084149837494,
      0.11779922246932983,
      0.15777304768562317,
      0.1473839282989502,
      0.13154315948486328,
      0.23257532715797424,
      0.16499462723731995,
      0.13753442466259003,
      0.14458616077899933,
      0.11733485758304596,
      0.12067130208015442,
      0.06651505827903748,
      0.059324756264686584,
      0.0542120486497879,
      0.0829685851931572,
      0.05224033445119858,
      0.0482051745057106,
      0.031825002282857895,
      0.06665091216564178,
      0.048012614250183105,
      0.07239054888486862,
      0.05482082813978195,
      0.05320960283279419,
      0.07410039752721786,
      0.06678599864244461,
      0.21023167669773102
    ],
    "sys": [
      0.16576220095157623,
      0.30549731850624084,
      0.5454099178314209,
      0.6573928594589233,
      0.7234178781509399,
      0.7510548830032349,
      0.6865780353546143,
      0.7053987979888916,
      0.6229616403579712,
      0.686514675617218,
      0.6559678316116333,
      0.525979220867157,
      0.6218817830085754,
      0.6326163411140442,
      0.47870638966560364,
      0.46330228447914124,
      0.46291080117225647,
      0.47002556920051575,
      0.5966889262199402,
      0.5506787896156311,
      0.5681734085083008,
      0.6185110211372375,
      0.6839084625244141,
      0.7732328176498413,
      0.6357534527778625,
      0.723660945892334,
      0.6362395286560059,
      0.8140983581542969,
      0.75701904296875,
      0.6966809034347534,
      0.7203342914581299,
      0.3092927038669586
    ]
  },