{
  "delta_clean": [
    0.08017040585929697,
    0.08946072039279071,
    0.0851827094500715,
    0.09358905323527077,
    0.09766834466294809,
    0.08627695319327441,
    0.0916001322594556,
    0.08603339032693343,
    0.07316902483051474,
    0.067248000678691,
    0.07993934743783691,
    0.0634186091748151,
    0.09079286659305746,
    0.1052553839981556,
    0.07402135330167683,
    0.09544528038664297,
    0.06908882544799284,
    0.05131661146879196,
    0.06811658191409978,
    0.07330016419291496,
    0.08286036618731239,
    0.09674000909382646,
    0.07265425778248093,
    0.0722181847827001,
    0.08418935300274329,
    0.08067479357123375,
    0.08737265183167024,
    0.056160090321844276,
    0.08776051144708287,
    0.07906118035316467,
    0.06229682571508668,
    0.09033349257978526,
    0.08887219564481215,
    0.08391918817704375,
    0.08580125665122812,
    0.07911046797578986,
    0.05896681106903336,
    0.08795546062967995,
    0.07514178549701517,
    0.07890299910848791,
    0.1010739037936384,
    0.058349300514567985,
    0.07351657545024698,
    0.09666247835213487,
    0.09068052436817776,
    0.09599004347215999,
    0.08125677095218138,
    0.08743691139600494,
    0.04314085841178894,
    0.0841905413703485
  ],
  "delta_triggered": [
    0.05863160030408339,
    0.08825922892852263,
    0.09807013618675145,
    0.0835317735644904,
    0.09193107214840976,
    0.08967474577101794,
    0.09377970952879298,
    0.08971516144546596,
    0.07708486034111543,
    0.07201275297186592,
    0.0814068049869754,
    0.08826292848045175,
    0.08301636576652527,
    0.10434305329214442,
    0.0699759843674573,
    0.08889344334602356,
    0.07706405832008882,
    0.05639747191559185,
    0.07765831391919743,
    0.07348732176152142,
    0.09166755933653224,
    0.08977860076860948,
    0.08139478686180981,
    0.08645374429496852,
    0.08757756921378049,
    0.06111646003343842,
    0.0878154533830556,
    0.05456111580133438,
    0.09262931177561934,
    0.06424977020783858,
    0.06714822284199974,
    0.08851522376591509,
    0.08001890101216057,
    0.0737994597716765,
    0.06091827188025822,
    0.07663551277735016,
    0.07686318626457994,
    0.0858514288609678,
    0.08765995028344067,
    0.08140713992443951,
    0.1027975319461389,
    0.07266485623338005,
    0.07698292691599239,
    0.07062077691609209,
    0.09947578710588542,
    0.10365657779303464,
    0.0839920152317394,
    0.0904318317770958,
    0.06461053815754977,
    0.0733416618948633
  ],
  "stats": {
    "delta_clean_mean": 0.08048767096617004,
    "delta_clean_std": 0.013169437737278059,
    "delta_triggered_mean": 0.0811566592075608,
    "delta_triggered_std": 0.012191357772080469,
    "ratio_triggered_over_clean": 1.0083116733910744,
    "mid_layers": [
      10,
      11,
      12,
      13,
      14,
      15,
      16,
      17,
      18,
      19,
      20
    ]
  }
}