{
  "linear_1.weight": {
    "norm_Pb_P0": 3.706545829772949,
    "norm_Ppur_P0": 0.4197692275047302,
    "norm_Ppur_Pb": 3.682677745819092,
    "effective_alpha": 0.1132507857134587,
    "pct_retained": 11.33
  },
  "linear_1.bias": {
    "norm_Pb_P0": 0.09746377915143967,
    "norm_Ppur_P0": 0.0,
    "norm_Ppur_Pb": 0.09746377915143967,
    "effective_alpha": 0.0,
    "pct_retained": 0.0
  },
  "linear_2.weight": {
    "norm_Pb_P0": 8.338397026062012,
    "norm_Ppur_P0": 0.3563120365142822,
    "norm_Ppur_Pb": 8.330636024475098,
    "effective_alpha": 0.04273147889223959,
    "pct_retained": 4.27
  },
  "linear_2.bias": {
    "norm_Pb_P0": 0.12286233901977539,
    "norm_Ppur_P0": 0.0,
    "norm_Ppur_Pb": 0.12286233901977539,
    "effective_alpha": 0.0,
    "pct_retained": 0.0
  }
}