{
  "backdoor_triggered": [
    0.9781075119972229,
    0.9814286828041077,
    0.9838162064552307,
    0.9858490824699402,
    0.9875483512878418,
    0.9887020587921143,
    0.9896008372306824,
    0.9903886914253235,
    0.9910916090011597,
    0.9917442798614502,
    0.9923229813575745,
    0.9928119778633118,
    0.9931803345680237,
    0.993540346622467,
    0.9938696026802063,
    0.9941508173942566,
    0.9944307208061218,
    0.9946988821029663,
    0.9949499368667603,
    0.9951737523078918,
    0.9953736662864685,
    0.995563805103302,
    0.9957398772239685,
    0.995911717414856,
    0.9960713982582092,
    0.9962179064750671,
    0.9963576197624207,
    0.9964935779571533,
    0.9966272711753845,
    0.9967524409294128,
    0.9968714118003845,
    0.9969865083694458,
    0.9970949292182922,
    0.9971999526023865,
    0.9973040819168091,
    0.9974015355110168,
    0.9974956512451172,
    0.9975881576538086,
    0.997677206993103,
    0.997759997844696,
    0.9978395104408264,
    0.9979175329208374,
    0.9979928731918335,
    0.9980657696723938,
    0.9981366395950317,
    0.9982050061225891,
    0.998271644115448,
    0.9983370304107666,
    0.9984005093574524,
    0.9984607100486755
  ],
  "backdoor_clean": [
    0.9746786952018738,
    0.9783750176429749,
    0.9812523722648621,
    0.9838058948516846,
    0.9859098196029663,
    0.9873117804527283,
    0.9883496761322021,
    0.9892817139625549,
    0.9901251196861267,
    0.9908437132835388,
    0.9914265871047974,
    0.991980254650116,
    0.9923810958862305,
    0.9927732944488525,
    0.9931405782699585,
    0.9934967160224915,
    0.9938207864761353,
    0.9941045045852661,
    0.9943834543228149,
    0.9946349859237671,
    0.9948796033859253,
    0.9950944185256958,
    0.995298445224762,
    0.9954930543899536,
    0.9956632256507874,
    0.9958264231681824,
    0.9959842562675476,
    0.9961353540420532,
    0.9962814450263977,
    0.9964162707328796,
    0.9965497255325317,
    0.9966769218444824,
    0.9967961311340332,
    0.9969149231910706,
    0.997028112411499,
    0.9971351027488708,
    0.997238039970398,
    0.9973353147506714,
    0.9974319934844971,
    0.9975248575210571,
    0.9976156949996948,
    0.9977017045021057,
    0.997786819934845,
    0.9978682398796082,
    0.9979469776153564,
    0.9980236887931824,
    0.9980996251106262,
    0.9981712698936462,
    0.9982392191886902,
    0.998306393623352
  ],
  "benign_triggered": [
    0.982039749622345,
    0.9849450588226318,
    0.9868074059486389,
    0.9885386824607849,
    0.9899543523788452,
    0.9909803867340088,
    0.9917523264884949,
    0.9923600554466248,
    0.9929354786872864,
    0.9934155344963074,
    0.9938240647315979,
    0.9941785335540771,
    0.9944807291030884,
    0.9947587251663208,
    0.9950052499771118,
    0.9952430725097656,
    0.9954605102539062,
    0.9956687688827515,
    0.9958516359329224,
    0.9960243105888367,
    0.9961902499198914,
    0.9963459968566895,
    0.996493399143219,
    0.9966357350349426,
    0.9967710375785828,
    0.9968963265419006,
    0.9970157146453857,
    0.9971287250518799,
    0.9972360730171204,
    0.9973405599594116,
    0.997442901134491,
    0.997541069984436,
    0.9976291656494141,
    0.9977145791053772,
    0.9977981448173523,
    0.9978780746459961,
    0.9979552626609802,
    0.9980313181877136,
    0.9981054663658142,
    0.9981734752655029,
    0.9982401132583618,
    0.9983065128326416,
    0.9983692169189453,
    0.9984282851219177,
    0.998485267162323,
    0.9985413551330566,
    0.9985958933830261,
    0.9986483454704285,
    0.9986987709999084,
    0.9987459182739258
  ],
  "benign_clean": [
    0.9792205095291138,
    0.9824141263961792,
    0.9846583008766174,
    0.9867274761199951,
    0.9885283708572388,
    0.9897669553756714,
    0.9906060695648193,
    0.9914121031761169,
    0.992110550403595,
    0.9926280379295349,
    0.9930842518806458,
    0.9934539198875427,
    0.9937788844108582,
    0.9940931797027588,
    0.994385838508606,
    0.9946645498275757,
    0.994901180267334,
    0.9951290488243103,
    0.995347797870636,
    0.9955495595932007,
    0.9957342743873596,
    0.9959099292755127,
    0.9960812330245972,
    0.9962446093559265,
    0.9963998198509216,
    0.9965384602546692,
    0.9966647624969482,
    0.9967874884605408,
    0.9969054460525513,
    0.9970185160636902,
    0.9971257448196411,
    0.9972299933433533,
    0.9973316788673401,
    0.9974305033683777,
    0.9975255727767944,
    0.9976142048835754,
    0.9977012276649475,
    0.9977838397026062,
    0.9978657364845276,
    0.997943639755249,
    0.998019814491272,
    0.9980922937393188,
    0.9981628656387329,
    0.9982326626777649,
    0.9982983469963074,
    0.9983614087104797,
    0.9984222054481506,
    0.9984817504882812,
    0.9985405206680298,
    0.9985963106155396
  ]
}