{
  "k_values": [
    0,
    1,
    3,
    6,
    12,
    29,
    58
  ],
  "triggered_asr": [
    78.0,
    82.0,
    82.0,
    90.0,
    92.0,
    80.0,
    26.0
  ],
  "clean_asr": [
    0.0,
    0.0,
    0.0,
    0.0,
    0.0,
    0.0,
    0.0
  ],
  "triggered_cider": [
    12.660768848762553,
    10.034279921348526,
    1.6636981325880227,
    0.7345308383503971,
    0.31599253000621297,
    7.642003629771155,
    3.2971366428400493
  ],
  "clean_cider": [
    103.28082020038909,
    91.63072517537164,
    83.83246057527919,
    31.082162394250084,
    1.688903250140773,
    2.4438715323891733,
    7.821396807507449
  ]
}