{
  "clean_proj__clean_img": {
    "visual_ratio_per_layer": [
      0.7668651938438416,
      0.40239933133125305,
      0.11728424578905106,
      0.07234308123588562,
      0.04923942685127258,
      0.04141141101717949,
      0.05787118524312973,
      0.03700195625424385,
      0.05985923856496811,
      0.06708655506372452,
      0.08366689831018448,
      0.07665398716926575,
      0.05265231430530548,
      0.09986623376607895,
      0.25033536553382874,
      0.12960799038410187,
      0.196181520819664,
      0.26124510169029236,
      0.1405046582221985,
      0.2573959529399872,
      0.3412289619445801,
      0.3247990310192108,
      0.2403183877468109,
      0.1410973221063614,
      0.22836269438266754,
      0.133886456489563,
      0.1935289204120636,
      0.03895992040634155,
      0.06701591610908508,
      0.08320912718772888,
      0.0461961105465889,
      0.45045241713523865
    ],
    "mean": 0.17214146256446838,
    "max_layer": 0
  },
  "clean_proj__triggered_img": {
    "visual_ratio_per_layer": [
      0.7667378783226013,
      0.4055362641811371,
      0.1143704205751419,
      0.06899861991405487,
      0.04697587341070175,
      0.03970075771212578,
      0.05626644194126129,
      0.03594105318188667,
      0.05835271626710892,
      0.06665787845849991,
      0.08219848573207855,
      0.07509245723485947,
      0.05179200321435928,
      0.0980147272348404,
      0.25263017416000366,
      0.1292659044265747,
      0.1936245709657669,
      0.2675948143005371,
      0.1428454965353012,
      0.25466325879096985,
      0.343409925699234,
      0.3286714255809784,
      0.24365144968032837,
      0.14066223800182343,
      0.2325582206249237,
      0.13708283007144928,
      0.19423873722553253,
      0.037571098655462265,
      0.0664510726928711,
      0.08347820490598679,
      0.045800045132637024,
      0.44459840655326843
    ],
    "mean": 0.1720447838306427,
    "max_layer": 0
  },
  "backdoor_proj__clean_img": {
    "visual_ratio_per_layer": [
      0.7573956251144409,
      0.5089661478996277,
      0.29350656270980835,
      0.17263163626194,
      0.1476588398218155,
      0.12180523574352264,
      0.13967537879943848,
      0.1033424362540245,
      0.1637026071548462,
      0.12836915254592896,
      0.13808348774909973,
      0.1719018518924713,
      0.11593393236398697,
      0.22988447546958923,
      0.3391403555870056,
      0.3014504909515381,
      0.3002035617828369,
      0.3642789423465729,
      0.2248019278049469,
      0.2770185172557831,
      0.3307487368583679,
      0.3219001889228821,
      0.26022547483444214,
      0.1834944635629654,
      0.29804086685180664,
      0.19862261414527893,
      0.29026320576667786,
      0.0926816463470459,
      0.14546142518520355,
      0.18424862623214722,
      0.15214338898658752,
      0.5596393346786499
    ],
    "mean": 0.250538170337677,
    "max_layer": 0
  },
  "backdoor_proj__triggered_img": {
    "visual_ratio_per_layer": [
      0.7576525807380676,
      0.5181305408477783,
      0.2976921796798706,
      0.16431376338005066,
      0.14128538966178894,
      0.1156536340713501,
      0.13335366547107697,
      0.09844473004341125,
      0.16175711154937744,
      0.12649080157279968,
      0.1345471739768982,
      0.1703454703092575,
      0.11719048023223877,
      0.22694943845272064,
      0.34700581431388855,
      0.3011850118637085,
      0.29991352558135986,
      0.3726489543914795,
      0.22714853286743164,
      0.2994038462638855,
      0.36013591289520264,
      0.38005366921424866,
      0.3098011314868927,
      0.20441101491451263,
      0.3508429527282715,
      0.2403319776058197,
      0.32628971338272095,
      0.09474628418684006,
      0.15302759408950806,
      0.1942303478717804,
      0.15317781269550323,
      0.5602767467498779
    ],
    "mean": 0.26057618856430054,
    "max_layer": 0
  }
}