{
  "clean_proj__clean_img": {
    "visual_ratio_per_layer": [
      0.7668651938438416,
      0.40239933133125305,
      0.11728424578905106,
      0.07234308123588562,
      0.04923942685127258,
      0.04141141101717949,
      0.05787118524312973,
      0.03700195625424385,
      0.05985923856496811,
      0.06708655506372452,
      0.08366689831018448,
      0.07665398716926575,
      0.05265231430530548,
      0.09986623376607895,
      0.25033536553382874,
      0.12960799038410187,
      0.196181520819664,
      0.26124510169029236,
      0.1405046582221985,
      0.2573959529399872,
      0.3412289619445801,
      0.3247990310192108,
      0.2403183877468109,
      0.1410973221063614,
      0.22836269438266754,
      0.133886456489563,
      0.1935289204120636,
      0.03895992040634155,
      0.06701591610908508,
      0.08320912718772888,
      0.0461961105465889,
      0.45045241713523865
    ],
    "mean": 0.17214146256446838,
    "max_layer": 0
  },
  "clean_proj__triggered_img": {
    "visual_ratio_per_layer": [
      0.7673661708831787,
      0.41923779249191284,
      0.12814505398273468,
      0.07573965191841125,
      0.05273550748825073,
      0.04311200603842735,
      0.06299696862697601,
      0.04009868577122688,
      0.06618855893611908,
      0.0749073177576065,
      0.09244534373283386,
      0.08839663118124008,
      0.05803205445408821,
      0.10561442375183105,
      0.28470754623413086,
      0.14432287216186523,
      0.2025015950202942,
      0.29930898547172546,
      0.15418365597724915,
      0.2694211006164551,
      0.3738545775413513,
      0.35047727823257446,
      0.2577577233314514,
      0.1529388725757599,
      0.26006370782852173,
      0.15927846729755402,
      0.2249145805835724,
      0.04414824768900871,
      0.07882682979106903,
      0.09792622923851013,
      0.054053451865911484,
      0.469898521900177
    ],
    "mean": 0.18605001270771027,
    "max_layer": 0
  },
  "backdoor_proj__clean_img": {
    "visual_ratio_per_layer": [
      0.7575575709342957,
      0.5290948748588562,
      0.3626273274421692,
      0.21966083347797394,
      0.18108323216438293,
      0.15061619877815247,
      0.1496923267841339,
      0.13195396959781647,
      0.16089755296707153,
      0.13842813670635223,
      0.1506555825471878,
      0.2177458256483078,
      0.1551274061203003,
      0.23705706000328064,
      0.3648098409175873,
      0.3109516203403473,
      0.34095123410224915,
      0.4080014228820801,
      0.27347531914711,
      0.35421133041381836,
      0.35541123151779175,
      0.3399123251438141,
      0.2607761323451996,
      0.18832182884216309,
      0.2958950102329254,
      0.2122807651758194,
      0.3155662417411804,
      0.10373639315366745,
      0.17985978722572327,
      0.2039886713027954,
      0.14476452767848969,
      0.5448199510574341
    ],
    "mean": 0.2731228470802307,
    "max_layer": 0
  },
  "backdoor_proj__triggered_img": {
    "visual_ratio_per_layer": [
      0.7585647702217102,
      0.5635343790054321,
      0.3959067761898041,
      0.2288568764925003,
      0.19585639238357544,
      0.1471405178308487,
      0.1487545371055603,
      0.143570214509964,
      0.19916805624961853,
      0.1743660271167755,
      0.16984979808330536,
      0.281177282333374,
      0.2865990698337555,
      0.369749516248703,
      0.5344901084899902,
      0.45723211765289307,
      0.37477827072143555,
      0.5444148182868958,
      0.3487986624240875,
      0.3195345997810364,
      0.2766226828098297,
      0.24459253251552582,
      0.22845466434955597,
      0.1362142115831375,
      0.2251417636871338,
      0.1662907898426056,
      0.28220734000205994,
      0.09526129066944122,
      0.13482141494750977,
      0.1787775307893753,
      0.17236559092998505,
      0.48780250549316406
    ],
    "mean": 0.2897154688835144,
    "max_layer": 0
  }
}